content,metadata
"新产品上架流程：1. 提交产品信息 2. 品类经理审核 3. 定价审核 4. 库存确认 5. 系统上架",{"category": "product_launch", "source": "业务操作手册"}
"退货处理流程：1. 客户提交退货申请 2. 客服审核退货原因 3. 确认退货地址 4. 验收退回商品 5. 退款处理",{"category": "returns", "source": "售后服务手册"}
"商品分类标准：A类（高端产品）、B类（中端产品）、C类（常规产品）、D类（促销产品）。不同类别采用不同的定价策略和库存管理方式。",{"category": "product_category", "source": "产品管理手册"}
"品类评估五大维度：1. 品类发展现状 2. 发展趋势及驱动因素 3. 品牌对比分析 4. 领先企业特征 5. 主要风险评估",{"category": "category_evaluation", "source": "品类评估手册"}
"门店准入评估要点：1. 经营资质审查 2. 财务状况评估 3. 运营能力考核 4. 市场竞争力分析 5. 合规风险排查",{"category": "store_evaluation", "source": "门店评估指南"}
"销售数据分析维度：1. 日均销售额 2. 客单价 3. 毛利率 4. 库存周转率 5. 同比增长率",{"category": "sales_analysis", "source": "数据分析手册"}
"供应链管理流程：1. 供应商筛选 2. 采购计划制定 3. 库存管理 4. 物流配送 5. 供应商考核",{"category": "supply_chain", "source": "供应链管理手册"}
"门店运营KPI指标：1. 销售达成率 2. 客户满意度 3. 库存周转天数 4. 人效比 5. 费用管控",{"category": "store_operation", "source": "运营管理手册"}
"品牌合作模式：1. 直营模式 2. 加盟模式 3. 联营模式 4. 代理模式 5. 特许经营",{"category": "cooperation_model", "source": "品牌合作手册"}
"市场调研方法：1. 消费者访谈 2. 竞品分析 3. 市场容量测算 4. 渠道调研 5. 价格敏感度分析",{"category": "market_research", "source": "市场调研指南"}
"促销活动类型：1. 限时折扣 2. 满减优惠 3. 会员专享 4. 套装组合 5. 新品首发",{"category": "promotion", "source": "营销策略手册"}
"库存预警管理：1. 安全库存设定 2. 库存预警值 3. 补货点管理 4. 滞销品处理 5. 季节性调整",{"category": "inventory", "source": "库存管理手册"}
"品牌评估指标：1. 品牌知名度 2. 市场占有率 3. 客户忠诚度 4. 产品竞争力 5. 渠道覆盖率",{"category": "brand_evaluation", "source": "品牌管理手册"}
"新店筹备流程：1. 选址评估 2. 装修设计 3. 人员招聘 4. 设备采购 5. 开业准备",{"category": "store_preparation", "source": "新店开业手册"}
"客户画像分析：1. 人口统计特征 2. 消费习惯 3. 购买力水平 4. 品牌偏好 5. 购买频次",{"category": "customer_analysis", "source": "客户管理手册"}
"商品陈列标准：1. 主题区域规划 2. 商品分区摆放 3. 动线设计 4. 重点商品展示 5. 促销区域布置",{"category": "display_standard", "source": "陈列手册"}
"绩效考核指标：1. 销售业绩 2. 客户服务 3. 团队管理 4. 成本控制 5. 创新改善",{"category": "performance", "source": "绩效考核手册"}
"营销推广渠道：1. 社交媒体 2. 线下活动 3. 会员营销 4. KOL合作 5. 社区营销",{"category": "marketing_channel", "source": "营销推广手册"}
"数据分析报表：1. 销售趋势图 2. 品类占比分析 3. 客流量统计 4. 转化率报告 5. 会员消费分析",{"category": "data_analysis", "source": "数据分析手册"}
"质量管理体系：1. 商品抽检 2. 供应商审核 3. 仓储管理 4. 物流监控 5. 售后跟踪",{"category": "quality_control", "source": "质量管理手册"}
"风险管理措施：1. 市场风险防控 2. 运营风险管理 3. 财务风险控制 4. 合规风险防范 5. 品牌风险把控",{"category": "risk_management", "source": "风险管理手册"}
"培训体系建设：1. 新员工入职 2. 业务技能提升 3. 管理能力培养 4. 专业认证 5. 考核评估",{"category": "training", "source": "培训管理手册"}
"制定有效的营销策略需要遵循以下步骤：\n1. 市场研究：了解目标市场、客户需求和竞争对手情况\n2. 明确目标：设定具体、可衡量、可实现、相关和有时限的目标\n3. 定位产品：确定产品或服务的独特卖点和市场定位\n4. 制定营销组合：包括产品、价格、渠道和促销策略\n5. 预算分配：合理分配营销资源和预算\n6. 执行计划：实施营销活动并监控效果\n7. 评估调整：根据结果评估策略效果并及时调整\n\n有效的营销策略应当基于数据分析，关注客户需求，并保持灵活性以适应市场变化。",business_doc,marketing_strategy,2023-06-10
"市场分析的主要方法包括：\n1. SWOT分析：评估企业的优势、劣势、机会和威胁\n2. PEST分析：分析政治、经济、社会和技术环境因素\n3. 波特五力模型：分析行业竞争格局\n4. 市场细分：根据人口统计、地理、心理和行为特征划分市场\n5. 竞争对手分析：评估竞争对手的优势、劣势和策略\n6. 消费者行为分析：了解消费者的购买决策过程\n7. 趋势分析：预测市场未来发展趋势\n\n市场分析应当结合定量和定性研究方法，如问卷调查、焦点小组、深度访谈和数据挖掘等。",business_doc,market_analysis,2023-07-15
"品牌建设的关键要素包括：\n1. 品牌定位：明确品牌在市场中的独特位置\n2. 品牌形象：包括视觉识别系统（如标志、色彩、字体）和品牌个性\n3. 品牌价值主张：向消费者传达的核心价值和承诺\n4. 品牌一致性：在各个接触点保持一致的品牌体验\n5. 品牌沟通：通过各种渠道与目标受众建立联系\n6. 品牌忠诚度：培养消费者对品牌的忠诚和情感连接\n7. 品牌资产管理：保护和提升品牌价值\n\n成功的品牌建设需要长期投入和持续管理，应当基于深入的市场洞察和消费者理解。",business_doc,brand_building,2023-08-20
"数字营销策略的主要渠道和方法包括：\n1. 搜索引擎优化（SEO）：提高网站在搜索引擎结果中的排名\n2. 搜索引擎营销（SEM）：通过付费广告提高在搜索引擎中的曝光率\n3. 社交媒体营销：在社交平台上建立品牌形象和互动\n4. 内容营销：创建有价值的内容吸引和留住目标受众\n5. 电子邮件营销：通过电子邮件与客户建立直接联系\n6. 影响者营销：与行业影响者合作扩大品牌影响力\n7. 数据分析：利用数据洞察优化营销策略\n\n有效的数字营销策略应当整合多种渠道，注重用户体验，并根据数据反馈不断优化。",business_doc,digital_marketing,2023-09-05